name,price,stars,quantity,category
A Light in the Attic,51.77,3,22,Poetry
The Requiem Red,22.65,1,19,Young Adult
The Black Maria,52.15,1,19,Poetry
Sharp Objects,47.82,4,20,Mystery
The Dirty Little Secrets of Getting Your Dream Job,33.34,4,19,Business
"The Coming Woman: A Novel Based on the Life of the Infamous Feminist, Victoria Woodhull",17.93,3,19,Default
Sapiens: A Brief History of Humankind,54.23,5,20,History
Soumission,50.1,1,20,Fiction
The Boys in the Boat: Nine Americans and Their Epic Quest for Gold at the 1936 Berlin Olympics,22.6,4,19,Default
Tipping the Velvet,53.74,1,20,Historical Fiction
Olio,23.88,1,19,Poetry
Mesaerion: The Best Science Fiction Stories 1800-1849,37.59,1,19,Science Fiction
Libertarianism for Beginners,51.33,2,19,Politics
Rip it Up and Start Again,35.02,5,19,Music
Scott Pilgrim's Precious Little Life (Scott Pilgrim #1),52.29,5,19,Sequential Art
"Our Band Could Be Your Life: Scenes from the American Indie Underground, 1981-1991",57.25,3,19,Music
It's Only the Himalayas,45.17,2,19,Travel
Set Me Free,17.46,5,19,Young Adult
Shakespeare's Sonnets,20.66,4,19,Poetry
"Starving Hearts (Triangular Trade Trilogy, #1)",13.99,2,19,Default
In Her Wake,12.84,1,19,Thriller
Penny Maybe,33.29,3,18,Default
Behind Closed Doors,52.22,4,18,Thriller
"In a Dark, Dark Wood",19.63,1,18,Mystery
Maude (1883-1993):She Grew Up with the country,18.02,2,18,Default
Sophie's World,15.94,5,18,Philosophy
The Bear and the Piano,36.89,1,18,Childrens
The Elephant Tree,23.82,5,18,Thriller
The Five Love Languages: How to Express Heartfelt Commitment to Your Mate,31.05,3,18,Nonfiction
The Four Agreements: A Practical Guide to Personal Freedom,17.66,5,18,Spirituality
Wall and Piece,44.18,4,18,Art
You can't bury them all: Poems,33.63,2,17,Poetry
Aladdin and His Wonderful Lamp,53.13,3,19,Default
America's Cradle of Quarterbacks: Western Pennsylvania's Football Factory from Johnny Unitas to Joe Montana,22.5,3,19,Default
Worlds Elsewhere: Journeys Around Shakespeare’s Globe,40.3,5,18,Nonfiction
Black Dust,34.53,5,19,Romance
"Foolproof Preserving: A Guide to Small Batch Jams, Jellies, Pickles, Condiments, and More: A Foolproof Guide to Making Small Batch Jams, Jellies, Pickles, Condiments, and More",30.52,3,19,Food and Drink
Birdsong: A Story in Pictures,54.64,3,19,Childrens
How Music Works,37.32,2,19,Music
Chase Me (Paris Nights #2),25.27,5,19,Romance
Slow States of Collapse: Poems,57.31,3,17,Poetry
The Natural History of Us (The Fine Art of Pretending #2),45.22,3,16,Young Adult
The Past Never Ends,56.5,4,16,Mystery
"The Pioneer Woman Cooks: Dinnertime: Comfort Classics, Freezer Food, 16-Minute Meals, and Other Delicious Ways to Solve Supper!",56.41,1,16,Food and Drink
The Secret of Dreadwillow Carse,56.13,1,16,Childrens
The Torch Is Passed: A Harding Family Story,19.09,1,16,Add a comment
Thirst,17.27,5,16,Fiction
This One Summer,19.49,4,16,Sequential Art
Throwing Rocks at the Google Bus: How Growth Became the Enemy of Prosperity,31.12,3,16,Nonfiction
"Unbound: How Eight Technologies Made Us Human, Transformed Society, and Brought Our World to the Brink",25.52,1,16,History
Tsubasa: WoRLD CHRoNiCLE 2 (Tsubasa WoRLD CHRoNiCLE #2),16.28,1,16,Sequential Art
Unicorn Tracks,18.78,3,16,Fantasy
"Unseen City: The Majesty of Pigeons, the Discreet Charm of Snails & Other Wonders of the Urban Wilderness",44.18,4,16,Nonfiction
"We Love You, Charlie Freeman",50.27,5,16,Fiction
Untitled Collection: Sabbath Poems 2014,14.27,4,16,Poetry
When We Collided,31.77,1,16,Contemporary
#HigherSelfie: Wake Up Your Life. Free Your Soul. Find Your Tribe.,23.11,5,17,Nonfiction
Reasons to Stay Alive,26.41,2,17,Nonfiction
The Art Forger,40.76,3,16,Add a comment
The Death of Humanity: and the Case for Life,58.11,4,16,Philosophy
Without Borders (Wanderlove #1),45.07,2,16,New Adult
"The Bulletproof Diet: Lose up to a Pound a Day, Reclaim Energy and Focus, Upgrade Your Life",49.05,3,16,Health
Private Paris (Private #10),47.61,5,17,Fiction
"Rat Queens, Vol. 3: Demons (Rat Queens (Collected Editions) #11-15)",50.4,3,16,Sequential Art
Reskilling America: Learning to Labor in the Twenty-First Century,19.83,2,16,Nonfiction
"Saga, Volume 5 (Saga (Collected Editions) #5)",51.04,2,16,Sequential Art
"Saga, Volume 6 (Saga (Collected Editions) #6)",25.02,3,16,Fantasy
Security,39.25,2,16,Horror
Soul Reader,39.58,2,16,Default
Spark Joy: An Illustrated Master Class on the Art of Organizing and Tidying Up,41.83,4,16,Nonfiction
The Activist's Tao Te Ching: Ancient Advice for a Modern Revolution,32.24,5,16,Spirituality
The Age of Genius: The Seventeenth Century and the Birth of the Modern Mind,19.73,1,16,History
The Electric Pencil: Drawings from Inside State Hospital No. 3,56.06,1,16,Nonfiction
The Gutsy Girl: Escapades for Your Life of Epic Adventure,37.13,1,16,Nonfiction
The Life-Changing Magic of Tidying Up: The Japanese Art of Decluttering and Organizing,16.77,3,16,Nonfiction
"The Mindfulness and Acceptance Workbook for Anxiety: A Guide to Breaking Free from Anxiety, Phobias, and Worry Using Acceptance and Commitment Therapy",23.89,4,16,Add a comment
"The Inefficiency Assassin: Time Management Tactics for Working Smarter, Not Longer",20.59,5,16,Default
The Most Perfect Thing: Inside (and Outside) a Bird's Egg,42.96,4,16,Science
The Nameless City (The Nameless City #1),38.16,4,16,Sequential Art
"Princess Jellyfish 2-in-1 Omnibus, Vol. 01 (Princess Jellyfish 2-in-1 Omnibus #1)",13.61,5,16,Sequential Art
The Murder That Never Was (Forensic Instincts #5),54.11,3,16,Fiction
Online Marketing for Busy Authors: A Step-By-Step Guide,46.35,1,16,Self Help
orange: The Complete Collection 1 (orange: The Complete Collection #1),48.41,1,16,Sequential Art
My Paris Kitchen: Recipes and Stories,33.37,2,16,Food and Drink
On a Midnight Clear,14.07,3,16,Add a comment
Obsidian (Lux #1),14.86,2,16,Young Adult
In the Country We Love: My Family Divided,22.0,4,16,Nonfiction
Judo: Seven Steps to Black Belt (an Introductory Guide for Beginners),53.9,2,16,Add a comment
Join,35.67,5,16,Science Fiction
"Layered: Baking, Building, and Styling Spectacular Cakes",40.11,1,16,Food and Drink
Lumberjanes Vol. 3: A Terrible Plan (Lumberjanes #9-12),19.92,2,16,Sequential Art
"Lumberjanes, Vol. 1: Beware the Kitten Holy (Lumberjanes #1-4)",45.61,3,16,Sequential Art
"Lumberjanes, Vol. 2: Friendship to the Max (Lumberjanes #5-8)",46.91,2,16,Sequential Art
"Mama Tried: Traditional Italian Cooking for the Screwed, Crude, Vegan, and Tattooed",14.02,4,16,Food and Drink
Masks and Shadows,56.4,2,16,Fantasy
"Pop Gun War, Volume 1: Gift",18.97,1,16,Sequential Art
"Outcast, Vol. 1: A Darkness Surrounds Him (Outcast #1)",15.44,4,16,Sequential Art
Patience,10.16,3,16,Sequential Art
Princess Between Worlds (Wide-Awake Princess #5),13.34,5,16,Fantasy
"Political Suicide: Missteps, Peccadilloes, Bad Calls, Backroom Hijinx, Sordid Pasts, Rotten Breaks, and Just Plain Dumb Mistakes in the Annals of American Politics",36.28,2,16,History
Immunity: How Elie Metchnikoff Changed the Course of Modern Medicine,57.36,5,16,Science
"Don't Be a Jerk: And Other Practical Advice from Dogen, Japan's Greatest Zen Master",37.97,2,16,Religion
Everydata: The Misinformation Hidden in the Little Data You Consume Every Day,54.35,2,16,Nonfiction
Fifty Shades Darker (Fifty Shades #2),21.96,1,16,Romance
First and First (Five Boroughs #3),15.97,4,16,Romance
Forever and Forever: The Courtship of Henry Longfellow and Fanny Appleton,29.69,3,16,Historical Fiction
"Giant Days, Vol. 2 (Giant Days #5-8)",22.11,2,16,Sequential Art
Her Backup Boyfriend (The Sorensen Family #1),33.97,1,16,Romance
How to Be Miserable: 40 Strategies You Already Use,46.03,1,16,Self Help
"Avatar: The Last Airbender: Smoke and Shadow, Part 3 (Smoke and Shadow #3)",28.09,2,16,Fantasy
Bossypants,49.46,2,16,Default
Burning,28.81,3,16,Young Adult
Camp Midnight,17.08,4,16,Sequential Art
"Bitch Planet, Vol. 1: Extraordinary Machine (Bitch Planet (Collected Editions))",37.92,2,16,Sequential Art
"Codename Baboushka, Volume 1: The Conclave of Death",36.72,4,16,Sequential Art
Call the Nurse: True Stories of a Country Nurse on a Scottish Isle,29.14,5,16,Nonfiction
Crown of Midnight (Throne of Glass #2),43.29,3,16,Fantasy
I am a Hero Omnibus Volume 1,54.63,3,16,Sequential Art
"I Hate Fairyland, Vol. 1: Madly Ever After (I Hate Fairyland (Compilations) #1-5)",29.17,2,16,Sequential Art
Danganronpa Volume 1,51.99,4,16,Sequential Art
Algorithms to Live By: The Computer Science of Human Decisions,30.81,1,16,Nonfiction
Tuesday Nights in 1980,21.04,2,15,Fiction
You Are What You Love: The Spiritual Power of Habit,21.87,4,15,Religion
"William Shakespeare's Star Wars: Verily, A New Hope (William Shakespeare's Star Wars #4)",43.3,4,15,Science Fiction
(Un)Qualified: How God Uses Broken People to Do Big Things,54.0,5,16,Christian
A Court of Thorns and Roses (A Court of Thorns and Roses #1),52.37,1,16,Fantasy
A Fierce and Subtle Poison,28.13,4,16,Young Adult
The Stranger,17.44,4,15,Philosophy
A Flight of Arrows (The Pathfinders #2),55.53,5,16,Historical Fiction
"A Piece of Sky, a Grain of Rice: A Memoir in Four Meditations",56.76,5,16,Default
A World of Flavor: Your Gluten Free Passport,42.95,1,16,Default
A Murder in Time,16.64,1,16,Mystery
The Third Wave: An Entrepreneur’s Vision of the Future,12.61,5,15,Business
The Vacationers,42.15,4,15,Fiction
The Wedding Dress,24.12,1,15,Romance
The White Cat and the Monk: A Retelling of the Poem “Pangur Bán”,58.08,4,15,Childrens
Thirteen Reasons Why,52.72,1,15,Default
Thomas Jefferson and the Tripoli Pirates: The Forgotten War That Changed American History,59.64,1,15,History
Throne of Glass (Throne of Glass #1),35.07,3,15,Fantasy
Tracing Numbers on a Train,41.6,3,15,Default
The Shadow Hero (The Shadow Hero),33.14,1,15,Sequential Art
The House by the Lake,36.95,1,15,Historical Fiction
The Glittering Court (The Glittering Court #1),44.28,1,15,Fantasy
The Kite Runner,41.82,4,15,Default
The Long Shadow of Small Ghosts: Murder and Memory in an American City,10.97,1,15,Crime
The Love and Lemons Cookbook: An Apple-to-Zucchini Celebration of Impromptu Cooking,37.6,2,15,Food and Drink
The Matchmaker's Playbook (Wingmen Inc. #1),55.85,1,15,New Adult
The Mistake (Off-Campus #2),43.29,3,15,New Adult
The Nerdy Nummies Cookbook: Sweet Treats for the Geek in All of Us,37.34,5,15,Food and Drink
The Murder of Roger Ackroyd (Hercule Poirot #4),44.1,4,15,Mystery
The Cookies & Cups Cookbook: 125+ sweet & savory recipes reminding you to Always Eat Dessert First,41.25,1,15,Food and Drink
The Emerald Mystery,23.15,2,15,Default
The Genius of Birds,17.24,1,15,Nonfiction
The Girl on the Train,55.02,2,15,Default
The Omnivore's Dilemma: A Natural History of Four Meals,38.21,2,15,Nonfiction
The Power of Now: A Guide to Spiritual Enlightenment,43.54,2,15,Nonfiction
The Project,10.65,1,15,Science Fiction
The Psychopath Test: A Journey Through the Madness Industry,36.0,2,15,Default
The Secret (The Secret #1),27.37,4,15,Default
The Regional Office Is Under Attack!,51.36,5,15,Fiction
The Bridge to Consciousness: I'm Writing the Bridge Between Science and Our Old and New Beliefs.,32.0,3,15,Default
Shoe Dog: A Memoir by the Creator of NIKE,23.99,2,15,Business
So You've Been Publicly Shamed,12.23,2,15,Nonfiction
Soft Apocalypse,26.12,2,15,Science Fiction
Something More Than This,16.24,4,15,Romance
Suddenly in Love (Lake Haven #1),55.99,2,15,Romance
The Argonauts,10.93,2,15,Autobiography
The 10% Entrepreneur: Live Your Startup Dream Without Quitting Your Day Job,27.55,3,15,Business
The Artist's Way: A Spiritual Path to Higher Creativity,38.49,5,15,Nonfiction
The Art of War,33.34,5,15,Default
Mrs. Houdini,30.25,5,15,Historical Fiction
Poems That Make Grown Women Cry,14.19,4,15,Poetry
Poses for Artists Volume 1 - Dynamic and Sitting Poses: An Essential Reference for Figure Drawing and the Human Form,41.06,1,15,Default
Night Sky with Exit Wounds,41.05,1,15,Poetry
"Nightingale, Sing",38.28,1,15,Young Adult
Redeeming Love,20.47,5,15,Christian Fiction
Secrets and Lace (Fatal Hearts #1),20.27,1,15,Default
"Shobu Samurai, Project Aryoku (#3)",29.06,3,15,Add a comment
Romero and Juliet: A Tragic Tale of Love and Zombies,36.94,1,15,Default
Scarlett Epstein Hates It Here,43.55,5,15,Young Adult
Modern Romance,28.26,5,15,Add a comment
Full Moon over Noah’s Ark: An Odyssey to Mount Ararat and Beyond,49.43,4,15,Travel
Grumbles,22.16,2,15,Default
Hollow City (Miss Peregrine’s Peculiar Children #2),42.98,1,15,Fantasy
I Had a Nice Time And Other Lies...: How to find love & sh*t like that,57.36,4,15,Womens Fiction
Large Print Heart of the Pride,19.15,2,15,Default
Little Red,13.47,3,15,Childrens
Library of Souls (Miss Peregrine’s Peculiar Children #3),48.56,5,15,Young Adult
Louisa: The Extraordinary Life of Mrs. Adams,16.85,2,15,Biography
"Deliciously Ella Every Day: Quick and Easy Recipes for Gluten-Free Snacks, Packed Lunches, and Simple Meals",42.16,3,15,Food and Drink
Done Rubbed Out (Reightman & Bailey #1),37.72,5,15,Default
Eureka Trivia 6.0,54.59,4,15,Default
Miss Peregrine’s Home for Peculiar Children (Miss Peregrine’s Peculiar Children #1),10.76,1,15,Default
Doing It Over (Most Likely To #1),35.61,3,15,Romance
Drive: The Surprising Truth About What Motivates Us,34.95,4,15,Default
"Fables, Vol. 1: Legends in Exile (Fables #1)",41.62,4,15,Sequential Art
First Steps for New Christians (Print Edition),29.0,1,15,Default
Frostbite (Vampire Academy #2),29.99,5,15,Young Adult
Follow You Home,21.36,1,15,Horror
Finders Keepers (Bill Hodges Trilogy #2),53.53,5,15,Fiction
Dark Notes,19.19,5,15,Erotica
Zealot: The Life and Times of Jesus of Nazareth,24.7,3,14,History
Amatus,50.54,5,15,Default
Agnostic: A Spirited Manifesto,12.51,5,15,Nonfiction
Amid the Chaos,36.58,1,15,Cultural
Amy Meets the Saints and Sages,18.46,3,15,Default
Anonymous,46.82,4,15,Default
Ayumi's Violin,15.48,2,15,Default
Batman: The Dark Knight Returns (Batman),15.38,5,15,Sequential Art
Beauty Restored (Riley Family Legacy Novellas #3),11.11,2,15,Default
"Wonder Woman: Earth One, Volume One (Wonder Woman: Earth One #1)",37.34,4,14,Sequential Art
You (You #1),43.61,5,14,Thriller
Wild Swans,14.36,2,14,Young Adult
Batman: The Long Halloween (Batman),36.5,2,15,Sequential Art
Why the Right Went Wrong: Conservatism--From Goldwater to the Tea Party and Beyond,52.65,4,14,Politics
Becoming Wise: An Inquiry into the Mystery and Art of Living,27.43,2,15,Nonfiction
"Daring Greatly: How the Courage to Be Vulnerable Transforms the Way We Live, Love, Parent, and Lead",19.43,3,15,Nonfiction
Big Magic: Creative Living Beyond Fear,30.8,3,15,Nonfiction
Chasing Heaven: What Dying Taught Me About Living,37.8,2,15,Spirituality
Close to You,49.46,4,15,Christian Fiction
Whole Lotta Creativity Going On: 60 Fun and Unusual Exercises to Awaken and Strengthen Your Creativity,38.2,4,14,Nonfiction
The Songs of the Gods,44.48,5,14,Default
The Star-Touched Queen,46.02,5,14,Fantasy
The Testament of Mary,52.67,4,14,Fiction
The Time Keeper,27.88,5,14,Fiction
The Wedding Pact (The O'Malleys #2),32.61,3,14,Romance
The Wright Brothers,56.8,4,14,Default
The White Queen (The Cousins' War #1),25.91,5,14,Add a comment
This Is Where It Ends,27.12,2,14,Young Adult
The Year of Magical Thinking,43.04,2,14,Nonfiction
Through the Woods,25.38,2,14,Sequential Art
The Rosie Project (Don Tillman #1),54.04,1,14,Default
The Song of Achilles,37.4,5,14,Add a comment
Twenty Yawns,22.08,2,14,Childrens
"Unbroken: A World War II Story of Survival, Resilience, and Redemption",45.95,2,14,Default
Until Friday Night (The Field Party #1),46.31,2,14,Young Adult
Walt Disney's Alice in Wonderland,12.96,5,14,Childrens
V for Vendetta (V for Vendetta Complete),37.1,4,14,Default
"We Are Robin, Vol. 1: The Vigilante Business (We Are Robin #1)",53.9,1,14,Sequential Art
What's It Like in Space?: Stories from Astronauts Who've Been There,19.6,2,14,Nonfiction
The Power of Habit: Why We Do What We Do in Life and Business,16.88,3,14,Default
The Literature Book (Big Ideas Simply Explained),17.43,3,14,Nonfiction
The Loney,23.4,1,14,Horror
The Long Haul (Diary of a Wimpy Kid #9),44.07,1,14,Humor
The Lucifer Effect: Understanding How Good People Turn Evil,10.4,1,14,Psychology
The Last Mile (Amos Decker #2),54.21,2,14,Mystery
The Immortal Life of Henrietta Lacks,40.67,2,14,Add a comment
The Marriage of Opposites,28.08,4,14,Historical Fiction
Take Me with You,45.21,3,14,Fiction
Tastes Like Fear (DI Marnie Rome #3),10.69,1,14,Mystery
The Bad-Ass Librarians of Timbuktu: And Their Race to Save the World’s Most Precious Manuscripts,15.77,1,14,Nonfiction
The Bane Chronicles (The Bane Chronicles #1-11),44.73,4,14,Fantasy
The Darkest Lie,35.35,5,14,Young Adult
That Darkness (Gardiner and Renner #1),13.92,1,14,Mystery
The 14th Colony (Cotton Malone #11),39.24,1,14,Thriller
The Dovekeepers,48.78,1,14,Add a comment
The First Hostage (J.B. Collins #2),25.85,3,14,Fiction
The Help Yourself Cookbook for Kids: 60 Easy Plant-Based Recipes Kids Can Make to Stay Healthy and Save the Earth,28.77,3,14,Food and Drink
The Hidden Oracle (The Trials of Apollo #1),52.26,2,14,Fantasy
The Guilty (Will Robie #4),13.82,2,14,Thriller
Swell: A Year of Waves,45.58,1,14,Nonfiction
salt.,46.78,4,14,Poetry
See America: A Celebration of Our National Parks & Treasured Sites,48.87,3,14,Travel
"So Cute It Hurts!!, Vol. 6 (So Cute It Hurts!! #6)",35.43,4,14,Sequential Art
Shtum,55.84,4,14,Fiction
Steve Jobs,39.5,5,14,Default
Sorting the Beef from the Bull: The Science of Food Fraud Forensics,44.74,4,14,Science
Someone Like You (The Harrisons #2),52.79,5,14,Contemporary
Still Life with Bread Crumbs,26.41,3,14,Fiction
Superman Vol. 1: Before Truth (Superman by Gene Luen Yang #1),11.89,5,14,Sequential Art
"Naruto (3-in-1 Edition), Vol. 14: Includes Vols. 40, 41 & 42 (Naruto: Omnibus #14)",38.39,2,14,Sequential Art
Old School (Diary of a Wimpy Kid #10),11.83,5,14,Humor
No Dream Is Too High: Life Lessons From a Man Who Walked on the Moon,21.95,2,14,Nonfiction
Once Was a Time,18.28,2,14,Childrens
"Overload: How to Unplug, Unwind, and Unleash Yourself from the Pressure of Stress",52.15,3,14,Self Help
Pet Sematary,10.56,3,14,Horror
"Quarter Life Poetry: Poems for the Young, Broke and Hangry",50.89,5,14,Poetry
Rain Fish,23.57,3,14,Childrens
"Red Hood/Arsenal, Vol. 1: Open for Business (Red Hood/Arsenal #1)",25.48,2,14,Sequential Art
Robin War,47.82,3,14,Sequential Art
My Name Is Lucy Barton,41.56,1,14,Fiction
Lowriders to the Center of the Earth (Lowriders in Space #2),51.51,2,14,Sequential Art
Love Is a Mix Tape (Music #1),18.03,1,14,Music
More Than Music (Chasing the Dream #1),37.61,2,14,Add a comment
Luis Paints the World,53.95,3,14,Childrens
Made to Stick: Why Some Ideas Survive and Others Die,38.85,5,14,Business
Luckiest Girl Alive,49.83,3,14,Default
Mr. Mercedes (Bill Hodges Trilogy #1),28.9,1,14,Fiction
My Kind of Crazy,40.36,1,14,Young Adult
"Hush, Hush (Hush, Hush #1)",47.02,3,14,Default
Island of Dragons (Unwanteds #7),29.65,1,14,Fantasy
I Am Pilgrim (Pilgrim #1),10.6,4,14,Fiction
"Hyperbole and a Half: Unfortunate Situations, Flawed Coping Mechanisms, Mayhem, and Other Things That Happened",14.75,5,14,Humor
My Mrs. Brown,24.48,3,14,Fiction
I Know What I'm Doing -- and Other Lies I Tell Myself: Dispatches from a Life Under Construction,25.98,4,14,Humor
"It's All Easy: Healthy, Delicious Weeknight Meals in under 30 Minutes",19.55,1,14,Food and Drink
Lady Midnight (The Dark Artifices #1),16.28,5,14,Default
Let It Out: A Journey Through Journaling,26.79,5,14,Nonfiction
Looking for Lovely: Collecting the Moments that Matter,29.14,5,14,Nonfiction
"Living Leadership by Insight: A Good Leader Achieves, a Great Leader Builds Monuments",46.91,4,14,Default
Daily Fantasy Sports,36.58,1,14,Default
Dear Mr. Knightley,11.21,5,14,Fiction
Doctor Sleep (The Shining #2),40.12,2,14,Horror
Demigods & Magicians: Percy and Annabeth Meet the Kanes (Percy Jackson & Kane Chronicles Crossover #1-3),37.51,5,14,Fantasy
Don't Get Caught,55.35,1,14,Young Adult
"Eat Fat, Get Thin",54.07,2,14,Health
"Eaternity: More than 150 Deliciously Easy Vegan Recipes for a Long, Healthy, Satisfied, Joyful Life",51.75,5,14,Nonfiction
Eight Hundred Grapes,14.39,4,14,Fiction
El Deafo,57.62,5,14,Sequential Art
Every Last Word,46.47,3,14,Default
Eligible (The Austen Project #4),27.09,3,14,Fiction
Cometh the Hour (The Clifton Chronicles #6),25.01,3,14,Fiction
Crazy Love: Overwhelmed by a Relentless God,47.72,2,14,Christian
"Far & Away: Places on the Brink of Change: Seven Continents, Twenty-Five Years",15.06,4,14,Nonfiction
Feathers: Displays of Brilliant Plumage,49.05,3,14,Art
Hold Your Breath (Search and Rescue #1),28.82,1,14,Romance
Hamilton: The Revolution,58.79,3,14,Nonfiction
God: The Most Unpleasant Character in All Fiction,30.03,5,14,Religion
Glory over Everything: Beyond The Kitchen House,45.84,3,14,Historical Fiction
Greek Mythic History,10.23,5,14,Default
City of Ashes (The Mortal Instruments #2),47.27,1,14,Default
City of Bones (The Mortal Instruments #1),43.28,1,14,Default
City of Fallen Angels (The Mortal Instruments #4),11.23,4,14,Default
Code Name Verity (Code Name Verity #1),22.13,4,14,Add a comment
Angels & Demons (Robert Langdon #1),51.48,3,14,Default
City of Glass (The Mortal Instruments #3),56.02,4,14,Fantasy
Clockwork Angel (The Infernal Devices #1),44.14,1,14,Default
Angels Walking (Angels Walking #1),34.2,2,14,Add a comment
Aristotle and Dante Discover the Secrets of the Universe (Aristotle and Dante Discover the Secrets of the Universe #1),58.14,4,14,Young Adult
Art Ops Vol. 1,48.8,3,14,Sequential Art
Brain on Fire: My Month of Madness,49.32,5,14,Nonfiction
Balloon Animals,17.03,3,14,Fiction
Batman: Europa,32.01,2,14,Sequential Art
Barefoot Contessa Back to Basics,28.01,1,14,Food and Drink
Barefoot Contessa at Home: Everyday Recipes You'll Make Over and Over Again,50.62,5,14,Food and Drink
Buying In: The Secret Dialogue Between What We Buy and Who We Are,37.8,4,14,Nonfiction
Carrie,46.23,2,14,Default
"Carry On, Warrior: Thoughts on Life Unarmed",31.85,3,14,Default
Catching Jordan (Hundred Oaks),50.83,3,14,Young Adult
Cell,20.29,4,14,Add a comment
All the Light We Cannot See,29.87,5,14,Historical
"The Three Searches, Meaning, and the Story",13.33,3,13,Default
1491: New Revelations of the Americas Before Columbus,21.8,3,14,History
Tipping Point for Planet Earth: How Close Are We to the Edge?,37.55,1,12,Science
The Silent Sister (Riley MacPherson #1),46.29,5,12,Fiction
13 Hours: The Inside Account of What Really Happened In Benghazi,27.06,1,13,Nonfiction
Will You Won't You Want Me?,13.86,3,12,Womens Fiction
My Kitchen Year: 136 Recipes That Saved My Life,11.53,2,13,Food and Drink
Rook,37.86,4,13,Add a comment
The Star-Touched Queen,32.3,5,12,Fantasy
Searching for Meaning in Gailana,38.73,1,13,Fantasy
A Brush of Wings (Angels Walking #3),55.51,1,14,Add a comment
A Man Called Ove,39.72,1,14,Fiction
A People's History of the United States,40.79,2,14,Add a comment
A Distant Mirror: The Calamitous 14th Century,14.58,3,14,History
A Study in Scarlet (Sherlock Holmes #1),16.73,2,14,Mystery
"A Series of Catastrophes and Miracles: A True Story of Love, Science, and Cancer",56.48,2,14,Add a comment
A Time of Torment (Charlie Parker #14),48.35,5,14,Mystery
Abstract City,56.37,5,14,Nonfiction
The Midnight Watch: A Novel of the Titanic and the Californian,26.2,1,12,Add a comment
"Adulthood Is a Myth: A ""Sarah's Scribbles"" Collection",10.9,2,14,Sequential Art
Raspberry Pi Electronics Projects for the Evil Genius,49.67,4,12,Default
Snatched: How A Drug Queen Went Undercover for the DEA and Was Kidnapped By Colombian Guerillas,21.21,3,12,Nonfiction
Stars Above (The Lunar Chronicles #4.5),48.05,2,12,Young Adult
The Children,11.88,3,12,Add a comment
The Diary of a Young Girl,59.9,3,12,Nonfiction
"Love, Lies and Spies",20.55,2,12,Historical Fiction
Most Wanted,35.28,3,12,Mystery
Murder at the 42nd Street Library (Raymond Ambler #1),54.36,4,12,Mystery
How to Speak Golf: An Illustrated Guide to Links Lingo,58.32,5,12,Default
One with You (Crossfire #5),15.71,4,12,Add a comment
No Love Allowed (Dodge Cove #1),54.65,4,12,Young Adult
Poisonous (Max Revere Novels #3),26.8,3,12,Mystery
Psycho: Sanitarium (Psycho #1.5),36.97,5,12,Horror
The Epidemic (The Program 0.6),14.44,5,12,Young Adult
Quench Your Own Thirst: Business Lessons Learned Over a Beer or Two,43.14,1,12,Business
The Dinner Party,56.54,2,12,Fiction
The Gray Rhino: How to Recognize and Act on the Obvious Dangers We Ignore,59.15,4,12,Add a comment
The Golden Condom: And Other Essays on Love Lost and Found,39.43,1,12,Psychology
The Lonely City: Adventures in the Art of Being Alone,33.26,2,12,Nonfiction
Troublemaker: Surviving Hollywood and Scientology,48.39,2,11,Default
The Widow,27.26,2,11,Mystery
"A la Mode: 120 Recipes in 60 Pairings: Pies, Tarts, Cakes, Crisps, and More Topped with Ice Cream, Gelato, Frozen Custard, and More",38.77,1,12,Food and Drink
"The Sleep Revolution: Transforming Your Life, One Night at a Time",11.68,4,11,Nonfiction
A Paris Apartment,39.01,4,12,Historical Fiction
Can You Keep a Secret? (Fear Street Relaunch #4),48.64,1,12,Horror
Boar Island (Anna Pigeon #19),59.48,3,12,Mystery
Dirty (Dive Bar #1),40.83,4,12,Romance
Equal Is Unfair: America's Misguided Fight Against Income Inequality,56.86,1,12,Politics
Everyday Italian: 125 Simple and Delicious Recipes,20.1,5,12,Food and Drink
Furiously Happy: A Funny Book About Horrible Things,41.46,4,12,Nonfiction
Hide Away (Eve Duncan #20),11.84,1,12,Mystery
Off the Hook (Fishing for Trouble #1),47.67,3,11,Romance
Eleanor & Park,56.51,5,12,Default
Playing with Fire,13.71,3,11,Mystery
"Setting the World on Fire: The Brief, Astonishing Life of St. Catherine of Siena",21.15,2,11,Biography
Sleeping Giants (Themis Files #1),48.74,1,11,Science Fiction
Take Me Home Tonight (Rock Star Romance #3),53.98,3,11,Romance
The Art of Startup Fundraising,21.0,3,11,Business
The Improbability of Love,59.45,1,11,Fiction
Mothering Sunday,13.34,2,11,Fiction
A Mother's Reckoning: Living in the Aftermath of Tragedy,19.53,3,11,Nonfiction
Arena,21.36,4,11,Science Fiction
Adultery,20.88,5,11,Default
Born for This: How to Find the Work You Were Meant to Do,21.59,5,11,Business
Cravings: Recipes for What You Want to Eat,20.5,3,11,Food and Drink
Daredevils,16.34,3,11,Fiction
"Exit, Pursued by a Bear",51.34,4,11,Young Adult
Grey (Fifty Shades #4),48.49,4,11,Womens Fiction
Keep Me Posted,20.46,4,11,Womens Fiction
10-Day Green Smoothie Cleanse: Lose Up to 15 Pounds in 10 Days!,49.71,5,10,Health
"10% Happier: How I Tamed the Voice in My Head, Reduced Stress Without Losing My Edge, and Found Self-Help That Actually Works",24.57,2,10,Nonfiction
11/22/63,48.48,3,11,Fiction
A Gentleman's Position (Society of Gentlemen #3),14.75,5,11,Romance
It Didn't Start with You: How Inherited Family Trauma Shapes Who We Are and How to End the Cycle,56.27,3,11,Psychology
Lab Girl,40.85,1,11,Autobiography
Lilac Girls,17.28,2,11,Historical Fiction
Lies and Other Acts of Love,45.14,1,11,Fiction
M Train,27.18,1,11,Autobiography
"Mother, Can You Not?",16.89,5,11,Nonfiction
If I Gave You God's Phone Number....: Searching for Spirituality in America,20.91,1,9,Spirituality
Without Shame,48.27,5,9,Add a comment
"Fruits Basket, Vol. 9 (Fruits Basket #9)",33.95,4,9,Sequential Art
Modern Day Fables,47.44,2,9,Default
"NaNo What Now? Finding your editing process, revising your NaNoWriMo book and building a writing career through publishing and beyond",10.41,4,9,Default
Nap-a-Roo,25.08,1,9,Childrens
Suzie Snowflake: One beautiful flake (a self-esteem story),54.81,5,9,Novels
The Alien Club,54.4,1,9,Young Adult
Dress Your Family in Corduroy and Denim,43.68,3,9,Humor
The Art and Science of Low Carbohydrate Living,52.98,5,9,Health
Don't Forget Steven,33.23,1,9,Young Adult
The Flowers Lied,16.68,2,9,Default
The Book of Mormon,24.57,3,9,Religion
"The Moosewood Cookbook: Recipes from Moosewood Restaurant, Ithaca, New York",12.34,4,9,Food and Drink
"The Fabric of the Cosmos: Space, Time, and the Texture of Reality",55.91,1,9,Science
The New Brand You: Your New Image Makes the Sale for You,44.05,5,9,Default
The Shack,28.03,1,9,Fiction
Unlimited Intuition Now,58.87,4,9,Default
Underlying Notes,11.82,2,9,Default
Watchmen,58.05,4,9,Add a comment
When Breath Becomes Air,39.36,2,8,Nonfiction
Why Not Me?,17.76,1,8,Nonfiction
"Zero to One: Notes on Startups, or How to Build the Future",34.06,3,8,Nonfiction
23 Degrees South: A Tropical Tale of Changing Whether...,35.79,2,9,Add a comment
A Hero's Curse (The Unseen Chronicles #1),50.49,3,9,Add a comment
Art and Fear: Observations on the Perils (and Rewards) of Artmaking,48.63,4,9,Art
A Shard of Ice (The Black Symphony Saga #1),56.63,3,9,Fantasy
Chernobyl 01:23:40: The Incredible True Story of the World's Worst Nuclear Disaster,35.92,2,9,Nonfiction
Smarter Faster Better: The Secrets of Being Productive in Life and Business,38.89,5,8,Nonfiction
Shadows of the Past (Logan Point #1),39.67,5,8,Christian Fiction
South of Sunshine,28.93,1,8,Young Adult
Silence in the Dark (Logan Point #4),58.33,3,8,Suspense
The E-Myth Revisited: Why Most Small Businesses Don't Work and What to Do About It,36.91,1,8,Business
The Grownup,35.88,1,8,Short Stories
The High Mountains of Portugal,51.15,1,8,Fiction
The Martian (The Martian #1),41.39,2,8,Default
"The Midnight Assassin: Panic, Scandal, and the Hunt for America's First Serial Killer",28.45,4,8,Nonfiction
The Unlikely Pilgrimage of Harold Fry (Harold Fry #1),43.62,5,8,Default
The New Drawing on the Right Side of the Brain,43.02,3,8,Art
Vagabonding: An Uncommon Guide to the Art of Long-Term World Travel,36.94,2,8,Travel
Roller Girl,14.1,5,8,Sequential Art
Living Forward: A Proven Plan to Stop Drifting and Get the Life You Want,12.55,3,8,Nonfiction
"Love That Boy: What Two Presidents, Eight Road Trips, and My Son Taught Me About a Parent's Expectations",25.06,2,8,Nonfiction
Man's Search for Meaning,29.48,3,8,Nonfiction
Miller's Valley,58.54,2,8,Fiction
My Life Next Door (My Life Next Door ),36.39,5,8,Young Adult
Please Kill Me: The Uncensored Oral History of Punk,31.19,4,8,Music
Out of Print: City Lights Spotlight No. 14,53.64,5,8,Poetry
Proofs of God: Classical Arguments from Tertullian to Barth,54.21,1,8,Philosophy
Rising Strong,21.82,3,8,Nonfiction
History of Beauty,10.29,4,8,Art
Howl and Other Poems,40.45,2,8,Poetry
Hystopia: A Novel,21.96,4,8,Fiction
I'll Give You the Sun,56.48,1,8,Default
I Will Find You,44.21,1,8,Nonfiction
John Vassos: Industrial Design for Modern Life,20.22,4,8,Default
Kierkegaard: A Christian Missionary to Christians,47.13,1,8,Philosophy
Kill 'Em and Leave: Searching for James Brown and the American Soul,45.05,5,8,Music
Les Fleurs du Mal,29.04,5,8,Poetry
Left Behind (Left Behind #1),40.72,2,8,Default
Brazen: The Courage to Find the You That's Been Hiding,19.22,2,8,Nonfiction
Brilliant Beacons: A History of the American Lighthouse,11.45,3,8,History
Death by Leisure: A Cautionary Tale,37.51,4,8,Default
Diary of a Citizen Scientist: Chasing Tiger Beetles and Other New Ways of Engaging the World,28.41,1,8,Science
Ender's Game (The Ender Quintet #1),43.64,1,8,Default
Future Shock (Future Shock #1),55.65,5,8,Young Adult
Heaven is for Real: A Little Boy's Astounding Story of His Trip to Heaven and Back,52.86,2,8,Default
The Whale,35.96,4,7,Childrens
The Year of Living Biblically: One Man's Humble Quest to Follow the Bible as Literally as Possible,34.72,1,7,Default
Toddlers Are A**holes: It's Not Your Fault,25.55,1,7,Humor
Under the Tuscan Sun,37.33,3,7,Travel
Unreasonable Hope: Finding Faith in the God Who Brings Purpose to Your Pain,46.33,2,7,Spirituality
What Happened on Beale Street (Secrets of the South Mysteries #2),25.37,5,7,Mystery
Wildlife of New York: A Five-Borough Coloring Book,22.14,2,7,Default
You Are a Badass: How to Stop Doubting Your Greatness and Start Living an Awesome Life,12.08,3,7,Self Help
"""Most Blessed of the Patriarchs"": Thomas Jefferson and the Empire of the Imagination",44.48,5,8,History
32 Yolks,53.63,2,8,Food and Drink
"A Murder Over a Girl: Justice, Gender, Junior High",13.2,3,8,Nonfiction
Being Mortal: Medicine and What Matters in the End,55.06,4,8,Nonfiction
Between the World and Me,56.91,4,8,Nonfiction
Steal Like an Artist: 10 Things Nobody Told You About Being Creative,20.9,2,7,Default
Team of Rivals: The Political Genius of Abraham Lincoln,20.12,5,7,Add a comment
The 7 Habits of Highly Effective People: Powerful Lessons in Personal Change,33.17,4,7,Default
The Art Book,32.34,2,7,Art
Raymie Nightingale,34.41,2,7,Childrens
Playing from the Heart,32.38,1,7,Childrens
"Rich Dad, Poor Dad",51.74,1,7,Business
"Shrunken Treasures: Literary Classics, Short, Sweet, and Silly",52.87,3,7,Childrens
Sister Dear,40.2,4,7,Fiction
"Sit, Stay, Love",20.9,3,7,Romance
The Bachelor Girl's Guide to Murder (Herringford and Watts Mysteries #1),52.3,5,7,Mystery
The Constant Princess (The Tudor Court #1),16.62,3,7,Historical Fiction
The Bourne Identity (Jason Bourne #1),42.78,4,7,Fiction
The Drowning Girls,35.67,3,7,Add a comment
The Faith of Christopher Hitchens: The Restless Soul of the World's Most Notorious Atheist,39.55,1,7,Biography
The Good Girl,49.03,3,7,Default
The Glass Castle,16.24,1,7,Add a comment
The Origin of Species,10.01,4,7,Science
The Great Gatsby,36.05,4,7,Default
The Story of Art,41.14,4,7,Art
Nightstruck: A Novel,50.35,4,7,Young Adult
How to Cook Everything Vegetarian: Simple Meatless Recipes for Great Food (How to Cook Everything),46.01,4,7,Food and Drink
King's Folly (The Kinsman Chronicles #1),39.61,5,7,Fantasy
John Adams,57.43,4,7,Add a comment
Leave This Song Behind: Teen Poetry at Its Best,51.17,5,7,Poetry
Blue Like Jazz: Nonreligious Thoughts on Christian Spirituality,25.77,1,7,Christian
"Chronicles, Vol. 1",52.6,2,7,Music
Counted With the Stars (Out from Egypt #1),17.97,5,7,Christian Fiction
Every Heart a Doorway (Every Heart A Doorway #1),12.16,5,7,Fantasy
Finding God in the Ruins: How God Redeems Pain,46.64,2,7,Nonfiction
Delivering the Truth (Quaker Midwife Mystery #1),20.89,4,7,Mystery
For the Love: Fighting for Grace in a World of Impossible Standards,45.13,3,7,Nonfiction
"Fruits Basket, Vol. 7 (Fruits Basket #7)",19.57,1,7,Sequential Art
Good in Bed (Cannie Shapiro #1),37.05,5,7,Add a comment
How to Be a Domestic Goddess: Baking and the Art of Comfort Cooking,28.25,2,7,Food and Drink
Life of Pi,13.22,4,7,Default
Like Never Before (Walker Family #2),28.77,2,7,Christian Fiction
Memoirs of a Geisha,49.67,3,7,Fiction
"Naturally Lean: 125 Nourishing Gluten-Free, Plant-Based Recipes--All Under 300 Calories",11.38,5,7,Food and Drink
Meternity,43.58,3,7,Womens Fiction
"At The Existentialist Café: Freedom, Being, and apricot cocktails with: Jean-Paul Sartre, Simone de Beauvoir, Albert Camus, Martin Heidegger, Edmund Husserl, Karl Jaspers, Maurice Merleau-Ponty and others",29.93,5,7,Philosophy
Benjamin Franklin: An American Life,48.19,3,7,Biography
The Joy of Cooking,43.27,4,6,Add a comment
The Makings of a Fatherless Child,31.58,2,6,Default
The Man Who Mistook His Wife for a Hat and Other Clinical Tales,59.45,4,6,Nonfiction
The Mysterious Affair at Styles (Hercule Poirot #1),24.8,4,6,Mystery
The Perks of Being a Wallflower,55.02,3,6,Default
The Rise and Fall of the Third Reich: A History of Nazi Germany,39.67,2,6,History
The Collected Poems of W.B. Yeats (The Collected Works of W.B. Yeats #1),15.42,5,6,Poetry
The Fellowship of the Ring (The Lord of the Rings #1),10.27,2,6,Default
The Girl You Left Behind (The Girl You Left Behind #1),15.79,1,6,Historical
The God Delusion,46.85,3,6,Add a comment
The Golden Compass (His Dark Materials #1),18.77,1,6,Add a comment
The Great Railway Bazaar,30.54,1,6,Travel
The Hobbit (Middle-Earth Universe),17.8,5,6,Default
The Invention of Wings,37.34,1,6,Historical Fiction
The Sound Of Love,57.84,5,6,Default
A Gathering of Shadows (Shades of Magic #2),44.81,4,7,Fantasy
A Short History of Nearly Everything,52.4,5,7,History
A Summer In Europe,44.34,2,7,Travel
The Barefoot Contessa Cookbook,59.92,5,6,Food and Drink
Give It Back,18.32,2,6,Thriller
In Cold Blood,49.98,4,6,Nonfiction
How to Stop Worrying and Start Living,46.49,5,6,Self Help
In the Woods (Dublin Murder Squad #1),38.38,2,6,Mystery
Me Before You (Me Before You #1),19.02,1,6,Fiction
Mere Christianity,48.51,3,6,Add a comment
A Year in Provence (Provence #1),56.88,4,6,Travel
An Unquiet Mind: A Memoir of Moods and Madness,21.3,3,6,Psychology
Better Homes and Gardens New Cook Book,39.61,3,6,Food and Drink
Catherine the Great: Portrait of a Woman,58.55,4,6,History
"Death Note, Vol. 6: Give-and-Take (Death Note #6)",36.39,3,6,Sequential Art
Deception Point,40.32,4,6,Fiction
"Fruits Basket, Vol. 6 (Fruits Basket #6)",20.96,4,6,Sequential Art
Fun Home: A Family Tragicomic,56.59,4,6,Add a comment
"Girl, Interrupted",42.14,3,6,Nonfiction
Musicophilia: Tales of Music and the Brain,46.58,1,6,Default
Pride and Prejudice,19.27,4,6,Add a comment
Ship Leaves Harbor: Essays on Travel by a Recovering Journeyman,30.6,3,6,Default
Tell the Wolves I'm Home,50.96,2,6,Young Adult
Why Save the Bankers?: And Other Essays on Our Economic and Political Crisis,48.67,2,5,Nonfiction
"Will Grayson, Will Grayson (Will Grayson, Will Grayson)",47.31,4,5,Young Adult
World Without End (The Pillars of the Earth #2),32.97,4,5,Historical Fiction
The Grand Design,13.76,3,5,Science
The Hiding Place,55.91,4,5,History
The Little Paris Bookshop,24.73,3,5,Fiction
The Mathews Men: Seven Brothers and the War Against Hitler's U-boats,42.91,5,5,History
The Metamorphosis,28.58,1,5,Classics
The Expatriates,44.58,2,5,Fiction
The False Prince (The Ascendance Trilogy #1),56.0,5,5,Fantasy
The Fault in Our Stars,47.22,1,5,Default
The Firm,45.56,3,5,Fiction
The Power Greens Cookbook: 140 Delicious Superfood Recipes,11.05,5,5,Food and Drink
The Raven Boys (The Raven Cycle #1),57.74,4,5,Fantasy
The Raven King (The Raven Cycle #4),30.57,2,5,Add a comment
The Secret Garden,15.08,4,5,Classics
Two Summers,14.64,1,5,Young Adult
This Is Your Brain on Music: The Science of a Human Obsession,38.4,1,5,Music
What If?: Serious Scientific Answers to Absurd Hypothetical Questions,53.68,4,5,Default
Where She Went (If I Stay #2),41.73,4,5,Young Adult
The Dream Thieves (The Raven Cycle #2),34.5,1,5,Default
Remember Me?,11.48,3,5,Default
Talking to Girls About Duran Duran: One Young Man's Quest for True Love and a Cooler Haircut,25.15,4,5,Nonfiction
Siddhartha,34.22,5,5,Fiction
Shiver (The Wolves of Mercy Falls #1),16.23,5,5,Default
Tell Me Three Things,41.81,1,5,Young Adult
Tell the Wind and Fire,45.51,3,5,Fantasy
The 5th Wave (The 5th Wave #1),11.83,2,5,Default
The Crossover,38.77,4,5,Poetry
Last One Home (New Beginnings #1),59.98,3,5,Fiction
Kill the Boy Band,15.52,5,5,Young Adult
Killing Floor (Jack Reacher #1),31.49,4,5,Thriller
Lola and the Boy Next Door (Anna and the French Kiss #2),23.63,4,5,Young Adult
Logan Kade (Fallen Crest High #5.5),13.12,2,5,Academic
Mexican Today: New and Rediscovered Recipes for Contemporary Kitchens,24.91,5,5,Food and Drink
Maybe Something Beautiful: How Art Transformed a Neighborhood,22.54,1,5,Childrens
Peak: Secrets from the New Science of Expertise,16.28,2,5,Science
My Mother Was Nuts,31.63,4,5,Nonfiction
Red Dragon (Hannibal Lecter #1),23.37,3,5,Horror
The Darkest Corners,11.33,5,5,Young Adult
Isla and the Happily Ever After (Anna and the French Kiss #3),48.13,5,5,Young Adult
Fool Me Once,16.96,1,5,Default
"Fruits Basket, Vol. 5 (Fruits Basket #5)",16.33,1,5,Sequential Art
Find Her (Detective D.D. Warren #8),22.37,1,5,Add a comment
Foundation (Foundation (Publication Order) #1),32.42,1,5,Science Fiction
Harry Potter and the Deathly Hallows (Harry Potter #7),23.32,1,5,Default
I Know Why the Caged Bird Sings (Maya Angelou's Autobiography #1),36.55,2,5,Default
If I Stay (If I Stay #1),38.13,5,5,Default
Critique of Pure Reason,20.75,1,5,Philosophy
"Data, A Love Story: How I Gamed Online Dating to Meet My Match",32.35,3,5,Nonfiction
"Death Note, Vol. 5: Whiteout (Death Note #5)",52.41,1,5,Sequential Art
America's War for the Greater Middle East: A Military History,51.22,2,5,History
An Abundance of Katherines,10.0,5,5,Young Adult
Approval Junkie: Adventures in Caring Too Much,58.81,5,5,Autobiography
"Blue Lily, Lily Blue (The Raven Cycle #3)",34.13,5,5,Default
Booked,17.49,5,5,Poetry
Digital Fortress,58.0,5,5,Fiction
Dracula the Un-Dead,35.63,5,5,Horror
Drama,38.7,2,5,Default
Evicted: Poverty and Profit in the American City,42.27,1,5,Add a comment
The Beast (Black Dagger Brotherhood #14),46.08,5,4,Fantasy
The Bone Hunters (Lexy Vaughan & Steven Macaulay #2),59.71,3,4,Thriller
Some Women,13.73,5,4,Womens Fiction
"The Demon Prince of Momochi House, Vol. 4 (The Demon Prince of Momochi House #4)",27.88,2,4,Sequential Art
The Geography of Bliss: One Grump's Search for the Happiest Places in the World,28.23,2,4,Nonfiction
The Demonists (Demonist #1),52.11,2,4,Fantasy
The Gunning of America: Business and the Making of American Gun Culture,16.81,4,4,Nonfiction
The Hound of the Baskervilles (Sherlock Holmes #5),14.82,2,4,Classics
The Hunger Games (The Hunger Games #1),29.85,5,4,Default
The Jazz of Physics: The Secret Link Between Music and the Structure of the Universe,38.71,3,4,Nonfiction
The Passion of Dolssa,28.32,5,4,Historical Fiction
The Perfect Play (Play by Play #1),59.99,3,4,Romance
The Pilgrim's Progress,50.26,2,4,Classics
Vogue Colors A to Z: A Fashion Coloring Book,52.35,4,4,Default
The Shining (The Shining #1),27.88,3,4,Default
A Clash of Kings (A Song of Ice and Fire #2),10.79,3,5,Add a comment
A Feast for Crows (A Song of Ice and Fire #4),17.21,4,5,Fantasy
A Game of Thrones (A Song of Ice and Fire #1),46.42,2,5,Add a comment
A Girl's Guide to Moving On (New Beginnings #2),31.3,1,5,Romance
Alight (The Generations Trilogy #2),58.59,4,5,Default
Shopaholic Ties the Knot (Shopaholic #3),48.39,5,4,Womens Fiction
Misery,34.79,2,4,Horror
Little Women (Little Women #1),28.07,4,4,Classics
Mockingjay (The Hunger Games #3),20.44,4,4,Default
Needful Things,47.51,4,4,Horror
Night Shift (Night Shift #1-20),12.75,4,4,Horror
No One Here Gets Out Alive,20.02,5,4,Music
"Orchestra of Exiles: The Story of Bronislaw Huberman, the Israel Philharmonic, and the One Thousand Jews He Saved from Nazi Horrors",12.36,3,4,Music
Outlander (Outlander #1),19.67,5,4,Default
Paper and Fire (The Great Library #2),49.45,5,4,Fantasy
"Fruits Basket, Vol. 4 (Fruits Basket #4)",50.44,4,4,Sequential Art
Girl With a Pearl Earring,26.77,1,4,Historical Fiction
God Is Not Great: How Religion Poisons Everything,27.8,1,4,Nonfiction
Gone with the Wind,32.49,3,4,Classics
Harry Potter and the Chamber of Secrets (Harry Potter #2),14.74,1,4,Fantasy
Harry Potter and the Half-Blood Prince (Harry Potter #6),48.75,5,4,Fantasy
Harry Potter and the Prisoner of Azkaban (Harry Potter #3),24.17,4,4,Young Adult
Harry Potter and the Order of the Phoenix (Harry Potter #5),31.63,4,4,Fantasy
It,25.01,3,4,Horror
Harry Potter and the Sorcerer's Stone (Harry Potter #1),13.9,3,4,Default
Far From True (Promise Falls Trilogy #2),34.93,2,4,Thriller
Atlas Shrugged,26.58,5,4,Fiction
Can You Keep a Secret?,21.94,1,4,Womens Fiction
Candide,58.63,3,4,Classics
Changing the Game (Play by Play #2),13.38,3,4,Romance
Dark Lover (Black Dagger Brotherhood #1),12.87,1,4,Romance
Zero History (Blue Ant #3),34.77,1,3,Default
Confessions of a Shopaholic (Shopaholic #1),48.94,2,4,Default
'Salem's Lot,49.56,4,4,Horror
"A History of God: The 4,000-Year Quest of Judaism, Christianity, and Islam",27.62,1,4,Religion
A New Earth: Awakening to Your Life's Purpose,55.65,5,4,Spirituality
A Walk to Remember,56.43,1,4,Romance
Animal Farm,57.22,3,4,Classics
We the People: The Modern-Day Figures Who Have Reshaped and Affirmed the Founding Fathers' Vision of America,31.95,3,3,Nonfiction
We Are All Completely Beside Ourselves,24.04,1,3,Contemporary
When You Are Engulfed in Flames,30.89,5,3,Humor
"Where'd You Go, Bernadette",18.13,1,3,Default
World War Z: An Oral History of the Zombie War,21.8,1,3,Default
Wuthering Heights,17.73,3,3,Classics
Wild: From Lost to Found on the Pacific Crest Trail,46.02,3,3,Default
Walk the Edge (Thunder Road #2),32.36,3,3,Young Adult
Twenties Girl,42.8,2,3,Womens Fiction
"Trespassing Across America: One Man's Epic, Never-Done-Before (and Sort of Illegal) Hike Across the Heartland",53.51,1,3,Nonfiction
Two Boys Kissing,32.74,2,3,Young Adult
Under the Banner of Heaven: A Story of Violent Faith,30.0,1,3,Nonfiction
"Unstuffed: Decluttering Your Home, Mind, and Soul",58.09,1,3,Nonfiction
Vegan Vegetarian Omnivore: Dinner for Everyone at the Table,13.66,2,3,Food and Drink
Twilight (Twilight #1),41.93,2,3,Default
Very Good Lives: The Fringe Benefits of Failure and the Importance of Imagination,50.66,3,3,Nonfiction
The Smitten Kitchen Cookbook,23.59,1,3,Food and Drink
Voyager (Outlander #3),21.07,5,3,Historical Fiction
The Stand,57.86,2,3,Horror
The Thing About Jellyfish,48.77,1,3,Childrens
The Tipping Point: How Little Things Can Make a Big Difference,10.02,2,3,Add a comment
The Travelers,15.77,1,3,Thriller
The Undomestic Goddess,45.75,4,3,Womens Fiction
"Thinking, Fast and Slow",21.14,1,3,Psychology
The Wild Robot,56.07,3,3,Childrens
Three-Martini Lunch,23.21,3,3,Fiction
The Picture of Dorian Gray,29.7,2,3,Classics
The Purest Hook (Second Circle Tattoos #3),12.25,1,3,Romance
The Rise of Theodore Roosevelt (Theodore Roosevelt #1),42.57,3,3,Biography
The Restaurant at the End of the Universe (Hitchhiker's Guide to the Galaxy #2),10.92,1,3,Science Fiction
The Rest Is Noise: Listening to the Twentieth Century,34.77,1,3,Add a comment
The Red Tent,35.66,5,3,Historical Fiction
"The Wicked + The Divine, Vol. 3: Commercial Suicide (The Wicked + The Divine)",14.41,3,3,Sequential Art
The Purpose Driven Life: What on Earth Am I Here for?,37.19,3,3,Add a comment
The Road to Little Dribbling: Adventures of an American in Britain (Notes From a Small Island #2),23.21,1,3,Travel
The Lover's Dictionary,58.09,2,3,Default
"The Sandman, Vol. 3: Dream Country (The Sandman (volumes) #3)",55.55,5,3,Sequential Art
The Rose & the Dagger (The Wrath and the Dawn #2),58.64,4,3,Fantasy
The Lonely Ones,43.59,5,3,Childrens
The Silkworm (Cormoran Strike #2),23.05,5,3,Mystery
The Maze Runner (The Maze Runner #1),20.93,1,3,Default
The Name of God is Mercy,37.25,2,3,Nonfiction
The New Guy (and Other Senior Year Distractions),44.92,3,3,Young Adult
The Nightingale,26.26,4,3,Fiction
The Paris Wife,36.8,3,3,Default
The Obsession,45.43,1,3,Romance
The Lean Startup: How Today's Entrepreneurs Use Continuous Innovation to Create Radically Successful Businesses,33.92,3,3,Business
The Guns of August,14.54,2,3,History
The Nanny Diaries (Nanny #1),52.53,5,3,Womens Fiction
The Husband's Secret,52.51,5,3,Fiction
The Hitchhiker's Guide to the Galaxy (Hitchhiker's Guide to the Galaxy #1),47.8,3,3,Add a comment
"The Land of 10,000 Madonnas",29.64,4,3,Young Adult
The Last Painting of Sara de Vos,55.55,2,3,Historical Fiction
The Day the Crayons Came Home (Crayons),26.33,5,3,Childrens
The Devil Wears Prada (The Devil Wears Prada #1),44.29,1,3,Womens Fiction
The Infinities,27.41,1,3,Fiction
The Demon-Haunted World: Science as a Candle in the Dark,52.25,4,3,Default
"The Disappearing Spoon: And Other True Tales of Madness, Love, and the History of the World from the Periodic Table of the Elements",57.35,5,3,Science
"The Elegant Universe: Superstrings, Hidden Dimensions, and the Quest for the Ultimate Theory",13.03,4,3,Science
"The End of Faith: Religion, Terror, and the Future of Reason",22.13,4,3,Add a comment
The Exiled,43.45,3,3,Mystery
The Girl Who Kicked the Hornet's Nest (Millennium Trilogy #3),57.48,1,3,Add a comment
The Girl with All the Gifts,49.47,3,3,Horror
The Girl Who Played with Fire (Millennium Trilogy #2),22.14,2,3,Default
The Goldfinch,43.58,3,3,Default
The Guernsey Literary and Potato Peel Pie Society,49.53,1,3,Historical Fiction
The Giver (The Giver Quartet #1),12.3,1,3,Default
The Da Vinci Code (Robert Langdon #2),22.96,2,3,Fiction
The Book of Basketball: The NBA According to The Sports Guy,44.84,5,3,Sports and Games
The Book Thief,53.49,2,3,Default
The Case for Christ (Cases for Christianity),47.84,1,3,Add a comment
The Complete Poems,41.32,5,3,Add a comment
The Complete Stories and Poems (The Works of Edgar Allan Poe [Cameo Edition]),26.78,4,3,Classics
The Blind Side: Evolution of a Game,53.71,5,3,Add a comment
The Cuckoo's Calling (Cormoran Strike #1),19.21,1,3,Mystery
Shopaholic & Baby (Shopaholic #5),46.45,2,3,Default
The Catcher in the Rye,24.55,1,3,Add a comment
The Cat in the Hat (Beginner Books B-1),16.26,2,3,Childrens
Soldier (Talon #3),24.72,2,3,Fantasy
Something Borrowed (Darcy & Rachel #1),48.96,5,3,Womens Fiction
Something Blue (Darcy & Rachel #2),54.62,1,3,Womens Fiction
Spilled Milk: Based on a True Story,49.51,1,3,Nonfiction
Stiff: The Curious Lives of Human Cadavers,36.74,3,3,Nonfiction
"Surely You're Joking, Mr. Feynman!: Adventures of a Curious Character",25.83,2,3,Science
The Art of Fielding,22.1,1,3,Fiction
"The Art of Simple Food: Notes, Lessons, and Recipes from a Delicious Revolution",34.32,3,3,Food and Drink
The Autobiography of Malcolm X,23.43,2,3,Default
Rework,44.88,2,3,Business
Seven Days in the Art World,52.33,2,3,Add a comment
"Rise of the Rocket Girls: The Women Who Propelled Us, from Missiles to the Moon to Mars",41.67,4,3,Nonfiction
Rogue Lawyer (Rogue Lawyer #1),50.11,3,3,Add a comment
Running with Scissors,12.91,4,3,Autobiography
"Saga, Volume 3 (Saga (Collected Editions) #3)",21.57,5,3,Sequential Art
Sarah's Key,46.29,1,3,Add a comment
Persepolis: The Story of a Childhood (Persepolis #1-2),39.13,1,3,Sequential Art
Scarlet (The Lunar Chronicles #2),14.57,4,3,Young Adult
Packing for Mars: The Curious Science of Life in the Void,56.68,2,3,Default
One for the Money (Stephanie Plum #1),32.87,2,3,Default
Original Fake,31.45,3,3,Sequential Art
Orange Is the New Black,24.61,2,3,Default
Outliers: The Story of Success,14.16,1,3,Nonfiction
Prodigy: The Graphic Novel (Legend: The Graphic Novel #2),43.63,3,3,Sequential Art
Quiet: The Power of Introverts in a World That Can't Stop Talking,43.55,1,3,Default
Reservations for Two,11.1,3,3,Romance
Red: The True Story of Red Riding Hood,28.54,3,3,Childrens
Seven Brief Lessons on Physics,30.6,4,3,Science
Notes from a Small Island (Notes From a Small Island #1),40.17,1,3,Nonfiction
Morning Star (Red Rising #3),29.4,1,3,Default
"Miracles from Heaven: A Little Girl, Her Journey to Heaven, and Her Amazing Story of Healing",57.83,1,3,Nonfiction
Neither Here nor There: Travels in Europe,38.95,3,3,Travel
Night (The Night Trilogy #1),13.51,1,3,Nonfiction
Ready Player One,19.07,4,3,Science Fiction
"Life, the Universe and Everything (Hitchhiker's Guide to the Galaxy #3)",33.26,2,3,Science Fiction
Naked,31.69,3,3,Humor
Lila (Gilead #3),12.47,3,3,Fiction
Lust & Wonder,11.87,2,3,Autobiography
Manuscript Found in Accra,34.98,2,3,Add a comment
Me Talk Pretty One Day,57.6,2,3,Autobiography
Midnight Riot (Peter Grant/ Rivers of London - books #1),55.46,2,3,Fantasy
Lady Renegades (Rebel Belle #3),53.04,5,3,Young Adult
"Lamb: The Gospel According to Biff, Christ's Childhood Pal",55.5,5,3,Humor
Legend (Legend #1),43.69,4,3,Young Adult
"Lean In: Women, Work, and the Will to Lead",25.02,1,3,Default
Let's Pretend This Never Happened: A Mostly True Memoir,45.11,1,3,Nonfiction
Letter to a Christian Nation,22.2,1,3,Nonfiction
Life After Life,26.13,2,3,Default
Life Without a Recipe,59.04,5,3,Autobiography
Jurassic Park (Jurassic Park #1),44.97,1,3,Fiction
Green Eggs and Ham (Beginner Books B-16),10.79,4,3,Childrens
House of Leaves,54.89,1,3,Horror
Heir to the Sky,44.07,4,3,Fantasy
Holidays on Ice,51.07,2,3,Humor
"House of Lost Worlds: Dinosaurs, Dynasties, and the Story of Life on Earth",43.7,2,3,History
Hungry Girl Clean & Hungry: Easy All-Natural Recipes for Healthy Eating in the Real World,33.14,3,3,Food and Drink
I've Got Your Number,19.69,1,3,Womens Fiction
I Am Malala: The Girl Who Stood Up for Education and Was Shot by the Taliban,28.88,2,3,Nonfiction
If I Run (If I Run #1),49.97,4,3,Christian Fiction
"In the Garden of Beasts: Love, Terror, and an American Family in Hitler's Berlin",28.85,3,3,Nonfiction
Horrible Bear!,37.52,2,3,Childrens
Inferno (Robert Langdon #4),41.0,5,3,Fiction
Golden (Heart of Dread #3),42.21,4,3,Young Adult
Gone Girl,37.6,5,3,Default
"Grayson, Vol 3: Nemesis (Grayson #3)",42.72,1,3,Sequential Art
Gratitude,26.66,5,3,Nonfiction
Into the Wild,56.7,5,3,Nonfiction
Is Everyone Hanging Out Without Me? (And Other Concerns),20.11,3,3,Default
It's Never Too Late to Begin Again: Discovering Creativity and Meaning at Midlife and Beyond,42.38,1,3,Nonfiction
Girl in the Blue Coat,46.83,2,3,Historical Fiction
Cosmos,36.17,2,3,Add a comment
Counting Thyme,10.62,1,3,Childrens
Dark Places,23.9,5,3,Default
Crazy Rich Asians (Crazy Rich Asians #1),49.13,5,3,Fiction
Darkfever (Fever #1),56.02,1,3,Fantasy
"David and Goliath: Underdogs, Misfits, and the Art of Battling Giants",17.81,1,3,Default
Disrupted: My Misadventure in the Start-Up Bubble,15.28,5,3,Nonfiction
Dead Wake: The Last Crossing of the Lusitania,39.24,5,3,Default
Do Androids Dream of Electric Sheep? (Blade Runner #1),51.48,1,3,Science Fiction
Dracula,52.62,3,3,Default
Dune (Dune #1),54.86,1,3,Science Fiction
Eragon (The Inheritance Cycle #1),43.87,3,3,Fantasy
Extreme Prey (Lucas Davenport #26),25.4,3,3,Mystery
Eclipse (Twilight #3),18.74,1,3,Default
Fellside,38.62,1,3,Default
"Friday Night Lights: A Town, a Team, and a Dream",51.22,3,3,Sports and Games
Fire Bound (Sea Haven/Sisters of the Heart #5),21.28,4,3,Add a comment
Fifty Shades Freed (Fifty Shades #3),15.36,5,3,Adult Fiction
"Fruits Basket, Vol. 3 (Fruits Basket #3)",45.17,2,3,Sequential Art
"Born to Run: A Hidden Tribe, Superathletes, and the Greatest Race the World Has Never Seen",27.35,2,3,Nonfiction
Civilization and Its Discontents,59.95,2,3,Psychology
Blink: The Power of Thinking Without Thinking,21.74,5,3,Nonfiction
Are We Smart Enough to Know How Smart Animals Are?,56.58,1,3,Nonfiction
Are We There Yet?,10.66,3,3,Childrens
Ash,22.06,4,3,Fantasy
Awkward,38.02,2,3,Sequential Art
Beautiful Creatures (Caster Chronicles #1),21.55,5,3,Default
Beowulf,38.35,2,3,Classics
Best of My Love (Fool's Gold #20),27.41,2,3,Romance
Between Shades of Gray,20.79,5,3,Historical Fiction
Big Little Lies,22.11,1,3,Fiction
"Black Butler, Vol. 1 (Black Butler #1)",49.31,1,3,Sequential Art
Black Flags: The Rise of ISIS,40.87,1,3,Nonfiction
Boy Meets Boy,21.12,3,3,Young Adult
Breaking Dawn (Twilight #4),35.28,5,3,Default
Career of Evil (Cormoran Strike #3),24.72,2,3,Mystery
Brave Enough,51.32,5,3,Nonfiction
Catastrophic Happiness: Finding Joy in Childhood's Messy Years,37.35,2,3,Parenting
Cinder (The Lunar Chronicles #1),26.09,1,3,Young Adult
The Sense of an Ending,31.38,3,2,Add a comment
"The Suffragettes (Little Black Classics, #96)",11.89,2,2,Nonfiction
A Storm of Swords (A Song of Ice and Fire #3),31.22,2,3,Fantasy
#GIRLBOSS,50.96,1,3,Add a comment
8 Keys to Mental Health Through Exercise,31.04,1,3,Psychology
A Heartbreaking Work of Staggering Genius,54.29,5,3,Autobiography
Girl Online On Tour (Girl Online #2),53.47,1,2,Young Adult
H is for Hawk,57.42,5,2,Nonfiction
New Moon (Twilight #2),12.86,4,2,Young Adult
Life,31.58,5,2,Music
"Run, Spot, Run: The Ethics of Keeping Pets",20.02,1,2,Philosophy
Kindle Paperwhite User's Guide,34.0,3,2,Nonfiction
"Saga, Volume 2 (Saga (Collected Editions) #2)",11.75,3,2,Sequential Art
Sugar Rush (Offensive Line #2),24.42,1,2,Sports and Games
"The Sandman, Vol. 2: The Doll's House (The Sandman (volumes) #2)",54.81,1,2,Sequential Art
The Course of Love,16.78,3,2,Fiction
A Visit from the Goon Squad,14.08,5,3,Default
Annie on My Mind,36.83,5,3,Young Adult
And Then There Were None,35.01,2,3,Classics
A Walk in the Woods: Rediscovering America on the Appalachian Trail,30.48,4,3,Nonfiction
"Fruits Basket, Vol. 2 (Fruits Basket #2)",11.64,5,2,Sequential Art
Twenty Love Poems and a Song of Despair,30.95,4,1,Poetry
"Vampire Knight, Vol. 1 (Vampire Knight #1)",15.4,1,1,Paranormal
Vampire Girl (Vampire Girl #1),53.82,2,1,Fantasy
When I'm Gone,51.96,3,1,Fiction
Ways of Seeing,39.51,5,1,Art
While You Were Mine,41.32,5,1,Historical Fiction
Where Lightning Strikes (Bleeding Stars #3),39.77,3,1,Romance
"Y: The Last Man, Vol. 1: Unmanned (Y: The Last Man #1)",18.51,4,1,Sequential Art
The Selfish Gene,29.45,1,1,Science
The Silent Twin (Detective Jennifer Knight #3),36.25,3,1,Fantasy
The Silent Wife,12.34,5,1,Fiction
The Story of Hong Gildong,43.19,4,1,Classics
The Tumor,41.56,5,1,Nonfiction
"The Wicked + The Divine, Vol. 1: The Faust Act (The Wicked + The Divine)",36.52,2,1,Sequential Art
The Zombie Room,19.69,5,1,Default
This One Moment (Pushing Limits #1),48.71,1,1,Romance
Three Wishes (River of Time: California #1),44.18,2,1,Science Fiction
Travels with Charley: In Search of America,57.82,5,1,Nonfiction
Diary of a Minecraft Zombie Book 1: A Scare of a Dare (An Unofficial Minecraft Book),52.88,4,2,Childrens
The Secret Healer,34.56,3,1,Historical Fiction
The Little Prince,45.42,2,1,Classics
The Mirror & the Maze (The Wrath and the Dawn #1.5),29.38,1,1,Fantasy
The Iliad,16.16,1,1,Add a comment
The Last Girl (The Dominion Trilogy #1),36.26,2,1,Science Fiction
The Name of the Wind (The Kingkiller Chronicle #1),50.59,3,1,Default
The Nicomachean Ethics,36.34,1,1,Philosophy
The Light of the Fireflies,54.43,1,1,Add a comment
The No. 1 Ladies' Detective Agency (No. 1 Ladies' Detective Agency #1),57.7,4,1,Mystery
The Republic,33.78,3,1,Add a comment
The Odyssey,29.64,3,1,Add a comment
The Communist Manifesto,14.76,3,1,Add a comment
The Complete Maus (Maus #1-2),10.64,3,1,Sequential Art
"The Sandman, Vol. 1: Preludes and Nocturnes (The Sandman (volumes) #1)",54.12,3,1,Sequential Art
The Edge of Reason (Bridget Jones #2),19.18,4,1,Womens Fiction
The Girl In The Ice (DCI Erika Foster #1),15.85,3,1,Mystery
The Haters,27.89,5,1,Young Adult
The Hook Up (Game On #1),36.29,5,1,New Adult
The Girl You Lost,12.29,5,1,Mystery
The End of the Jesus Era (An Investigation #1),14.4,1,1,Nonfiction
"Rhythm, Chord & Malykhin",28.34,2,1,Romance
"Saga, Volume 1 (Saga (Collected Editions) #1)",28.48,1,1,Sequential Art
The Bhagavad Gita,57.49,3,1,Religion
Sense and Sensibility,37.46,1,1,Classics
Settling the Score (The Summer Games #1),44.91,2,1,Sports and Games
Shameless,58.35,3,1,New Adult
Shadow Rites (Jane Yellowrock #10),21.72,4,1,Fantasy
Shatter Me (Shatter Me #1),42.4,1,1,Default
Sister Sable (The Mad Queen #1),13.33,3,1,Fantasy
"Skip Beat!, Vol. 01 (Skip Beat! #1)",42.12,3,1,Sequential Art
Starlark,25.83,3,1,Historical Fiction
Origins (Alphas 0.5),28.99,1,1,Fantasy
One Second (Seven #7),52.94,2,1,Fantasy
"Ouran High School Host Club, Vol. 1 (Ouran High School Host Club #1)",29.87,3,1,Sequential Art
"Paper Girls, Vol. 1 (Paper Girls #1-5)",21.71,4,1,Sequential Art
Paradise Lost (Paradise #1),24.96,1,1,Default
Taking Shots (Assassins #1),18.88,2,1,Default
The Bette Davis Club,30.66,3,1,Fiction
The Art of Not Breathing,40.83,4,1,Young Adult
"Rat Queens, Vol. 1: Sass & Sorcery (Rat Queens (Collected Editions) #1-5)",46.96,5,1,Sequential Art
On the Road (Duluoz Legend),32.36,3,1,Default
Matilda,28.34,1,1,Childrens
Meditations,25.89,2,1,Philosophy
"Ms. Marvel, Vol. 1: No Normal (Ms. Marvel (2014-2015) #1)",39.39,4,1,Sequential Art
Myriad (Prentor #1),58.75,4,1,Fantasy
My Perfect Mistake (Over the Top #1),38.92,2,1,Romance
Of Mice and Men,47.11,2,1,Classics
Off Sides (Off #1),39.45,5,1,New Adult
Old Records Never Die: One Man's Quest for His Vinyl and His Past,55.66,2,1,Music
Having the Barbarian's Baby (Ice Planet Barbarians #7.5),34.96,4,1,Science Fiction
"Hawkeye, Vol. 1: My Life as a Weapon (Hawkeye #1)",45.24,3,1,Sequential Art
"Giant Days, Vol. 1 (Giant Days #1-4)",56.76,4,1,Sequential Art
Imperfect Harmony,34.74,4,1,Romance
"Fruits Basket, Vol. 1 (Fruits Basket #1)",40.28,5,1,Sequential Art
Icing (Aces Hockey #2),40.44,4,1,Sports and Games
Jane Eyre,38.43,5,1,Default
Lord of the Flies,24.89,3,1,Add a comment
Kitchens of the Great Midwest,57.2,5,1,Fiction
Lost Among the Living,27.7,4,1,Historical Fiction
Listen to Me (Fusion #1),58.99,3,1,Romance
Frankenstein,38.0,2,1,Default
"Ajin: Demi-Human, Volume 1 (Ajin: Demi-Human #1)",57.06,4,1,Sequential Art
Alice in Wonderland (Alice's Adventures in Wonderland #1),55.53,1,1,Classics
Beyond Good and Evil,43.38,1,1,Philosophy
"Bleach, Vol. 1: Strawberry and the Soul Reapers (Bleach #1)",34.65,5,1,Sequential Art
Blood Defense (Samantha Brinkman #1),20.3,3,1,Mystery
Bridget Jones's Diary (Bridget Jones #1),29.82,1,1,Womens Fiction
Bounty (Colorado Mountain #7),37.26,4,1,Romance
Bright Lines,39.07,5,1,Fiction
Charity's Cross (Charles Towne Belles #4),41.24,1,1,Romance
"1,000 Places to See Before You Die",26.08,5,1,Travel
1st to Die (Women's Murder Club #1),53.98,1,1,Mystery
Charlie and the Chocolate Factory (Charlie Bucket #1),22.85,3,1,Childrens
A Spy's Devotion (The Regency Spies of London #1),16.97,5,1,Historical Fiction
Choosing Our Religion: The Spiritual Lives of America's Nones,28.42,4,1,Religion
Deep Under (Walker Security #1),47.09,5,1,Romance
"Eat, Pray, Love",51.32,3,1,Nonfiction
Forever Rockers (The Rocker #12),28.8,3,1,Music
Fighting Fate (Fighting #6),39.24,3,1,Romance
Emma,32.93,2,1,Classics
